{"task":"transcribe","language":"italian","duration":16.940000534057617,"text":"Ciao, questo è un video di prova di nuovo per fare dei sottotitoli in automatico con Whisper 1 di OpenAI, che è un modello che trascrive audio in testo e crea sottotitoli. Ciao!","segments":[{"id":0,"seek":0,"start":0.0,"end":6.0,"text":" Ciao, questo è un video di prova di nuovo per fare dei sottotitoli in automatico con","tokens":[50364,28473,11,10263,4873,517,960,1026,28959,1026,49348,680,11994,13874,262,1521,310,270,9384,294,12509,78,416,50664],"temperature":0.0,"avg_logprob":-0.256626158952713,"compression_ratio":1.3259259462356567,"no_speech_prob":0.04969893395900726},{"id":1,"seek":0,"start":6.0,"end":16.0,"text":" Whisper 1 di OpenAI, che è un modello che trascrive audio in testo e crea sottotitoli.","tokens":[50664,41132,610,502,1026,7238,48698,11,947,4873,517,1072,11216,947,22507,1142,303,6278,294,1500,78,308,1197,64,262,1521,310,270,9384,13,51164],"temperature":0.0,"avg_logprob":-0.256626158952713,"compression_ratio":1.3259259462356567,"no_speech_prob":0.04969893395900726},{"id":2,"seek":0,"start":16.0,"end":17.0,"text":" Ciao!","tokens":[51164,28473,0,51214],"temperature":0.0,"avg_logprob":-0.256626158952713,"compression_ratio":1.3259259462356567,"no_speech_prob":0.04969893395900726}]}
