{
  "task": "transcribe",
  "language": "italian",
  "duration": 18.290000915527344,
  "text": "Questo è un video in cui parlo e vado anche davanti al ventilatore così c'è un po' di casino E sto parlando con un po' di casino Dovrebbe mettere sotto titolo in automatico su da vincere o da salvo Anche se parlo molto veloce e quindi è molto difficile per c'ha gpt capire che cosa sto dicendo Dovrebbe funzionare",
  "segments": [
    {
      "id": 0,
      "seek": 0,
      "start": 0.0,
      "end": 4.400000095367432,
      "text": " Questo è un video in cui parlo e vado anche davanti al ventilatore così c'è un po' di casino",
      "tokens": [
        50364,
        1249,
        1247,
        1353,
        4873,
        517,
        960,
        294,
        22929,
        971,
        752,
        308,
        371,
        1573,
        11585,
        11753,
        11520,
        419,
        27498,
        43148,
        23278,
        269,
        6,
        1462,
        517,
        714,
        6,
        1026,
        36278,
        50584
      ],
      "temperature": 0.0,
      "avg_logprob": -0.4526423513889313,
      "compression_ratio": 1.577114462852478,
      "no_speech_prob": 0.002985465107485652
    },
    {
      "id": 1,
      "seek": 0,
      "start": 5.71999979019165,
      "end": 8.359999656677246,
      "text": " E sto parlando con un po' di casino",
      "tokens": [
        50650,
        462,
        22784,
        971,
        16201,
        416,
        517,
        714,
        6,
        1026,
        36278,
        50782
      ],
      "temperature": 0.0,
      "avg_logprob": -0.4526423513889313,
      "compression_ratio": 1.577114462852478,
      "no_speech_prob": 0.002985465107485652
    },
    {
      "id": 2,
      "seek": 0,
      "start": 8.800000190734863,
      "end": 12.0,
      "text": " Dovrebbe mettere sotto titolo in automatico su da vincere o da salvo",
      "tokens": [
        50804,
        1144,
        85,
        39487,
        27812,
        323,
        43754,
        3459,
        7902,
        294,
        12509,
        78,
        459,
        1120,
        371,
        4647,
        323,
        277,
        1120,
        26858,
        78,
        50964
      ],
      "temperature": 0.0,
      "avg_logprob": -0.4526423513889313,
      "compression_ratio": 1.577114462852478,
      "no_speech_prob": 0.002985465107485652
    },
    {
      "id": 3,
      "seek": 0,
      "start": 12.239999771118164,
      "end": 16.239999771118164,
      "text": " Anche se parlo molto veloce e quindi è molto difficile per c'ha gpt capire che cosa sto dicendo",
      "tokens": [
        50976,
        1107,
        1876,
        369,
        971,
        752,
        16394,
        1241,
        752,
        384,
        308,
        15727,
        4873,
        16394,
        26607,
        680,
        269,
        6,
        1641,
        290,
        662,
        1410,
        621,
        947,
        10163,
        22784,
        14285,
        3999,
        51176
      ],
      "temperature": 0.0,
      "avg_logprob": -0.4526423513889313,
      "compression_ratio": 1.577114462852478,
      "no_speech_prob": 0.002985465107485652
    },
    {
      "id": 4,
      "seek": 0,
      "start": 16.959999084472656,
      "end": 18.959999084472656,
      "text": " Dovrebbe funzionare",
      "tokens": [
        51212,
        1144,
        85,
        39487,
        49345,
        313,
        543,
        51312
      ],
      "temperature": 0.0,
      "avg_logprob": -0.4526423513889313,
      "compression_ratio": 1.577114462852478,
      "no_speech_prob": 0.002985465107485652
    }
  ]
}
